file,pages,MB
se_a_u_k_ow_-da_e_o-u_k_ow_1867-1.pdf,210,109
se_a_u_k_ow_-da_e_o-u_k_ow_1867-2.pdf,344,190
se_a_u_k_ow_-da_e_o-u_k_ow_1868-1.pdf,414,217
se_a_u_k_ow_-da_e_o-u_k_ow_1868-2.pdf,629,320
se_a_u_k_ow_-da_e_o-u_k_ow_1869.pdf,713,355
se_a_u_k_ow_-da_e_o-u_k_ow_1870.pdf,784,394
se_a_u_k_ow_-da_e_o-u_k_ow_1871-1.pdf,625,303
se_a_u_k_ow_-da_e_o-u_k_ow_1871-2.pdf,456,227
se_a_u_k_ow_-da_e_o-u_k_ow_1872.pdf,586,305
se_a_u_k_ow_-da_e_o-u_k_ow_1873.pdf,1024,479
se_a_u_k_ow_-da_e_o-u_k_ow_1874.pdf,501,239
se_a_u_k_ow_-da_e_o-u_k_ow_1879.pdf,812,352
se_a_u_k_ow_-da_e_o-u_k_ow_1882.pdf,432,192
se_a_u_k_ow_-da_e_o-u_k_ow_1883.pdf,319,131
se_a_u_k_ow_-da_e_o-u_k_ow_1889.pdf,218,89
se_a_u_k_ow_-da_e_o-u_k_ow_1892.pdf,210,85
se_a_u_k_ow_-da_e_o-u_k_ow_1893.pdf,188,84
se_a_u_k_ow_-da_e_o-u_k_ow_1894.pdf,196,83
se_a_u_k_ow_-da_e_o-u_k_ow_1895.pdf,169,69
se_a_u_k_ow_-da_e_o-u_k_ow_1896.pdf,199,82
se_a_u_k_ow_-da_e_o-u_k_ow_1897.pdf,175,71
se_a_u_k_ow_-da_e_o-u_k_ow_1898.pdf,188,74
se_a_u_k_ow_-da_e_o-u_k_ow_1899.pdf,193,78
se_a_u_k_ow_-da_e_o-u_k_ow_1900.pdf,200,82
se_a_u_k_ow_-da_e_o-u_k_ow_1901.pdf,196,77
se_a_u_k_ow_-da_e_o-u_k_ow_1902.pdf,214,103
se_a_u_k_ow_-da_e_o-u_k_ow_1903.pdf,214,107
se_a_u_k_ow_-da_e_o-u_k_ow_1904.pdf,181,79
se_a_u_k_ow_-da_e_o-u_k_ow_1905.pdf,168,70
se_a_u_k_ow_-da_e_o-u_k_ow_1906.pdf,195,83
se_a_u_k_ow_-da_e_o-u_k_ow_1907.pdf,234,101
se_a_u_k_ow_-da_e_o-u_k_ow_1908.pdf,196,78
se_a_u_k_ow_-da_e_o-u_k_ow_1909.pdf,272,107
se_a_u_k_ow_-da_e_o-u_k_ow_1910.pdf,239,92
se_a_u_k_ow_-da_e_o-u_k_ow_1911.pdf,232,91
se_a_u_k_ow_-da_e_o-u_k_ow_1912.pdf,362,149
se_a_u_k_ow_-da_e_o-u_k_ow_1914.pdf,420,241
se_a_u_k_ow_-da_e_o-u_k_ow_1915.pdf,452,283
se_a_u_k_ow_-da_e_o-u_k_ow_1916.pdf,214,133
se_a_u_k_ow_-da_e_o-u_k_ow_Isache_ko_Svod-ma_e_ial_ogo-p_ava.pdf,910,49
se_a_u_k_ow_-da_e_o-u_k_ow_Isache_ko_Svod-p_ocessual_ogo-p_ava.pdf,1047,56
se_a_u_k_ow_-da_e_o-u_k_ow_Ro_e_be_g_1866-1910_pa_1.pdf,400,42
se_a_u_k_ow_-da_e_o-u_k_ow_Ro_e_be_g_1866-1910_pa_2.pdf,321,34
se_a_u_k_ow_-da_e_o-u_k_ow_Ro_e_be_g_1866-1910_pa_3.pdf,321,32
se_a_u_k_ow_-da_e_o-u_k_ow_Ro_e_be_g_P_edme_iy-alfavi_iy-ukaza_el_1911-1913.pdf,300,45
se_a_u_k_ow_-da_e_o-u_k_ow_Ro_e_be_g_Pos_a_ey_iy-ukaza_el_1866-1910.pdf,492,18
se_a_u_k_ow_-da_e_o-u_k_ow_Ty_ymov_pa_1.pdf,1441,435
se_a_u_k_ow_-da_e_o-u_k_ow_Ty_ymov_pa_2.pdf,889,245
se_a_u_k_ow_-da_e_o-u_k_ow_o_1866.pdf,27,4
se_a_u_k_ow_-da_e_o-u_k_ow_o_1867.pdf,807,105
se_a_u_k_ow_-da_e_o-u_k_ow_o_1868.pdf,1522,240
se_a_u_k_ow_-da_e_o-u_k_ow_o_1869.pdf,2197,182
se_a_u_k_ow_-da_e_o-u_k_ow_o_1870.pdf,2413,235
se_a_u_k_ow_-da_e_o-u_k_ow_o_1871.pdf,1563,167
se_a_u_k_ow_-da_e_o-u_k_ow_o_1872.pdf,2127,140
se_a_u_k_ow_-da_e_o-u_k_ow_o_1873.pdf,2863,253
se_a_u_k_ow_-da_e_o-u_k_ow_o_1874.pdf,1539,305
se_a_u_k_ow_-da_e_o-u_k_ow_o_1875.pdf,2139,291
se_a_u_k_ow_-da_e_o-u_k_ow_o_1876.pdf,1202,261
se_a_u_k_ow_-da_e_o-u_k_ow_o_1877.pdf,865,210
se_a_u_k_ow_-da_e_o-u_k_ow_o_1878.pdf,840,205
se_a_u_k_ow_-da_e_o-u_k_ow_o_1879.pdf,1265,289
se_a_u_k_ow_-da_e_o-u_k_ow_o_1880.pdf,896,117
se_a_u_k_ow_-da_e_o-u_k_ow_o_1881.pdf,587,102
se_a_u_k_ow_-da_e_o-u_k_ow_o_1882.pdf,609,85
se_a_u_k_ow_-da_e_o-u_k_ow_o_1883.pdf,447,52
se_a_u_k_ow_-da_e_o-u_k_ow_o_1884.pdf,478,59
se_a_u_k_ow_-da_e_o-u_k_ow_o_1885.pdf,458,61
se_a_u_k_ow_-da_e_o-u_k_ow_o_1886.pdf,324,38
se_a_u_k_ow_-da_e_o-u_k_ow_o_1887.pdf,305,36
se_a_u_k_ow_-da_e_o-u_k_ow_o_1888.pdf,303,36
se_a_u_k_ow_-da_e_o-u_k_ow_o_1889.pdf,276,67
se_a_u_k_ow_-da_e_o-u_k_ow_o_1890.pdf,331,81
se_a_u_k_ow_-da_e_o-u_k_ow_o_1891.pdf,305,74
se_a_u_k_ow_-da_e_o-u_k_ow_o_1892.pdf,293,71
se_a_u_k_ow_-da_e_o-u_k_ow_o_1893.pdf,256,29
se_a_u_k_ow_-da_e_o-u_k_ow_o_1894.pdf,268,82
se_a_u_k_ow_-da_e_o-u_k_ow_o_1895.pdf,230,72
se_a_u_k_ow_-da_e_o-u_k_ow_o_1896.pdf,271,32
se_a_u_k_ow_-da_e_o-u_k_ow_o_1897.pdf,237,72
se_a_u_k_ow_-da_e_o-u_k_ow_o_1898.pdf,254,58
se_a_u_k_ow_-da_e_o-u_k_ow_o_1899.pdf,263,54
se_a_u_k_ow_-da_e_o-u_k_ow_o_1900.pdf,278,27
se_a_u_k_ow_-da_e_o-u_k_ow_o_1901.pdf,259,30
se_a_u_k_ow_-da_e_o-u_k_ow_o_1902.pdf,286,33
se_a_u_k_ow_-da_e_o-u_k_ow_o_1903.pdf,280,72
se_a_u_k_ow_-da_e_o-u_k_ow_o_1904.pdf,238,62
se_a_u_k_ow_-da_e_o-u_k_ow_o_1905.pdf,224,58
se_a_u_k_ow_-da_e_o-u_k_ow_o_1906.pdf,261,66
se_a_u_k_ow_-da_e_o-u_k_ow_o_1907.pdf,321,79
se_a_u_k_ow_-da_e_o-u_k_ow_o_1908.pdf,266,72
se_a_u_k_ow_-da_e_o-u_k_ow_o_1909.pdf,349,85
se_a_u_k_ow_-da_e_o-u_k_ow_o_1910.pdf,298,83
se_a_u_k_ow_-da_e_o-u_k_ow_o_1911.pdf,341,91
se_a_u_k_ow_-da_e_o-u_k_ow_o_1913.pdf,378,140
