оригинал	замена	раз
на- каз	наказ	14
по- лож	полож	12
при- мѣч	примѣч	9
су- допр	судопр	9
он- ныхъ	онныхъ	8
го- суд	госуд	7
обя- зан	обязан	6
при- лож	прилож	6
во- енно	военно	5
су- дебн	судебн	5
року- рора	рокурора	4
гра- жданск	гражданск	4
но- тар	нотар	4
хо- тя	хотя	4
уч- режд	учрежд	4
ми- ровыхъ	мировыхъ	4
под- вѣдомы	подвѣдомы	4
мо- гутъ	могутъ	3
противорѣ- читъ	противорѣчитъ	3
противо- рѣчитъ	противорѣчитъ	3
ро- курора	рокурора	3
раждан- скаго	ражданскаго	3
про- тиворѣчащимъ	противорѣчащимъ	3
рокуро- ра	рокурора	3
под- лежатъ	подлежатъ	3
граж- данскаго	гражданскаго	3
го- дня	годня	3
то- го	того	3
уголов- наго	уголовнаго	3
при- не	прине	3
при- виллегированныхъ	привиллегированныхъ	3
су- деб	судеб	3
резеш- скихъ	резешскихъ	3
это- го	этого	2
по- ст	пост	2
не- подлежащимъ	неподлежащимъ	2
состав- ляетъ	составляетъ	2
за- по	запо	2
судеб- ныхъ	судебныхъ	2
за- нія	занія	2
при- ступлено	приступлено	2
неподлежа- щимъ	неподлежащимъ	2
на- чальствамъ	начальствамъ	2
на- лаг	налаг	2
да- валъ	давалъ	2
пре- ступлен	преступлен	2
ска- го	скаго	2
уза- кон	узакон	2
рѣ- шен	рѣшен	2
за- ключеніе	заключеніе	2
точ- но	точно	2
слѣд- ств	слѣдств	2
повелѣ- но	повелѣно	2
ес- ли	если	2
дѣ- ла	дѣла	2
судо- произв	судопроизв	2
по- стан	постан	2
су- доп	судоп	2
ут- вержд	утвержд	2
су- да	суда	2
труб- чевскаго	трубчевскаго	2
Ковалевекій	Ковалевскій	2
Воицеховичъ	Войцеховичъ	2
оиредѣ	опредѣ	2
иалаг	налаг	2
обшей	общей	2
нриговоръ	приговоръ	2
сосгоя	состоя	2
докдад	доклад	2
крестьяиъ	крестьянъ	2
миговымъ	мировымъ	2
которсе	которое	2
Розиигъ	Розингъ	2
за- кону	закону	2
Оборъ	Сборъ	2
оборовъ	сборовъ	2
окаго	скаго	2
иаказ	наказ	2
дѣй- ствіемъ	дѣйствіемъ	2
до- кументовъ	документовъ	2
ка- комъ	какомъ	2
про- въ	провъ	2
на- чальствъ	начальствъ	2
эаключ	заключ	2
сгвующій	ствующій	2
лаетъ	даетъ	2
по- томъ	потомъ	2
Черноглаэовъ	Черноглазовъ	2
дастъ	даетъ	2
со- ставъ	составъ	2
противо- рѣчило	противорѣчило	2
по- зем	позем	2
ис- полн	исполн	2
та- мож	тамож	2
участко- вого	участкового	2
спредѣ	опредѣ	2
можегъ	можетъ	2
уста- новляется	установляется	2
по- суда	посуда	2
не- дѣльнаго	недѣльнаго	2
доклады- валъ	докладывалъ	2
прось- бы	просьбы	2
ен- но	енно	2
па- лату	палату	2
неимѣю- щимъ	неимѣющимъ	2
Псрвоприсут	Первоприсут	2
по- сему	посему	2
слѣду- етъ	слѣдуетъ	2
Чериоглазовъ	Черноглазовъ	2
Рсзингъ	Розингъ	2
Црокурора	Прокурора	2
тражд	гражд	2
привилле- гированныхъ	привиллегированныхъ	2
при- сяжн	присяжн	2
установ- ляя	установляя	2
военно- окружнаго	военноокружнаго	2
про- долж	продолж	2
ка- кое	какое	2
то- же	тоже	2
жадобу	жалобу	2
чтсбы	чтобы	2
Сберъ	Оберъ	2
прнмѣч	примѣч	2
поста- новленіе	постановленіе	2
гу- берн	губерн	2
па- хатной	пахатной	2
опоръ	споръ	2
подра- зумѣваетъ	подразумѣваетъ	2
Нервоприсутст	Первоприсутст	2
со- бран	собран	2
губсрн	губерн	2
эаклю	заклю	2
осударственна- го	осударственнаго	2
осударствен- наго	осударственнаго	2
собствен- никовъ	собственниковъ	2
на- чальствами	начальствами	2
бы- ло	было	2
пове- лѣно	повелѣно	2
отно- сятся	относятся	2
то- му	тому	2
ком- мисія	коммисія	2
по- становленій	постановленій	2
подле- житъ	подлежитъ	2
войско- ваго	войсковаго	2
Нерво	Перво	2
ДЕКАВРЯ	Декабря	2
со- стоялся	состоялся	1
вексель- наго	вексельнаго	1
изъем- лются	изъемлются	1
непосред- ственному	непосредственному	1
ву- ющій	вующій	1
по- прежнему	попрежнему	1
неизбиратель- ныхъ	неизбирательныхъ	1
арес- тантскія	арестантскія	1
сообра- жен	соображен	1
без- срочно	безсрочно	1
от- ношен	отношен	1
под- лежитъ	подлежитъ	1
со- держ	содерж	1
по- терпѣвшихъ	потерпѣвшихъ	1
противорѣ- чить	противорѣчить	1
по- становляютъ	постановляютъ	1
опре- дѣленіе	опредѣленіе	1
возник- шее	возникшее	1
во- въ	вовъ	1
бе- зусловно	безусловно	1
на- ходитъ	находитъ	1
объ- ясняетъ	объясняетъ	1
требо- вали	требовали	1
тако- го	такого	1
ор- шанскій	оршанскій	1
преж- няго	прежняго	1
ор- шанскаго	оршанскаго	1
завѣ- дывалъ	завѣдывалъ	1
составля- етъ	составляетъ	1
уста- новленіямъ	установленіямъ	1
суж- денъ	сужденъ	1
про- тиворѣчитъ	противорѣчитъ	1
ны- нѣ	нынѣ	1
при- зналъ	призналъ	1
по- лагало	полагало	1
слѣдо- вало	слѣдовало	1
по- жарныхъ	пожарныхъ	1
за- вѣдывали	завѣдывали	1
завѣды- вали	завѣдывали	1
до- полн	дополн	1
разрѣ- шен	разрѣшен	1
началь- ствами	начальствами	1
ны- ми	ными	1
поста- новлен	постановлен	1
обя- занъ	обязанъ	1
дѣ- лу	дѣлу	1
разсмот- рѣн	разсмотрѣн	1
за- ключен	заключен	1
подлежа- ло	подлежало	1
мушкатер- ской	мушкатерской	1
по- мѣ	помѣ	1
слѣ- дуетъ	слѣдуетъ	1
раж- данскаго	ражданскаго	1
сдѣ- лать	сдѣлать	1
пра- ва	права	1
ко- въ	ковъ	1
священно- служителей	священнослужителей	1
лише- нія	лишенія	1
од- нако	однако	1
подвѣдо- мы	подвѣдомы	1
су- жденъ	сужденъ	1
обязан- ныхъ	обязанныхъ	1
каторж- ные	каторжные	1
из- ложенныхъ	изложенныхъ	1
заклю- ченіе	заключеніе	1
при- надлежности	принадлежности	1
пас- порт	паспорт	1
предста- вить	представить	1
пере- вершать	перевершать	1
ог- лы	оглы	1
дѣй- ствительно	дѣйствительно	1
слѣ- дуютъ	слѣдуютъ	1
новозыбков- скаго	новозыбковскаго	1
преступ- ной	преступной	1
заподозрѣн- наго	заподозрѣннаго	1
вилен- ской	виленской	1
пони- мать	понимать	1
подсуд- нымъ	подсуднымъ	1
че- риковскаго	чериковскаго	1
собрав- шись	собравшись	1
по- лиц	полиц	1
россіен- скаго	россіенскаго	1
со- стоян	состоян	1
гра- жданскаго	гражданскаго	1
постано- влен	постановлен	1
не- совершеннолѣтнихъ	несовершеннолѣтнихъ	1
новомо- сковскаго	новомосковскаго	1
устано- вленнымъ	установленнымъ	1
требова- нія	требованія	1
злоупотре- бленіяхъ	злоупотребленіяхъ	1
си- нодальная	синодальная	1
ос- нов	основ	1
бек- ской	бекской	1
ели- саветпольскаго	елисаветпольскаго	1
елисаветполь- скомъ	елисаветпольскомъ	1
вос- прещеніе	воспрещеніе	1
миро- ва	мирова	1
госу- дарств	государств	1
со- то	сото	1
череповска- го	череповскаго	1
обстоятель- ствами	обстоятельствами	1
не- об	необ	1
по- ступили	поступили	1
на- чалъ	началъ	1
ставля- етъ	ставляетъ	1
он- наго	оннаго	1
вышеизло- женнымъ	вышеизложеннымъ	1
недоразу- мѣній	недоразумѣній	1
уго- лов	уголов	1
балт- скаго	балтскаго	1
галичска- го	галичскаго	1
про- токолъ	протоколъ	1
дѣйствитель- но	дѣйствительно	1
су- дебное	судебное	1
раз- но	разно	1
губер- на	губерна	1
пи- тейнаго	питейнаго	1
распоряже- ній	распоряженій	1
дѣ- ніи	дѣніи	1
слѣдо- въ	слѣдовъ	1
буд- то	будто	1
об- виненія	обвиненія	1
вос- прещалъ	воспрещалъ	1
усматрива- ется	усматривается	1
трубчевска- го	трубчевскаго	1
тиф- лисской	тифлисской	1
вра- чемъ	врачемъ	1
во- время	вовремя	1
совершив- шимся	совершившимся	1
произіводства	производства	1
разсмотрѣл	разсмотрѣ	1
Судонр	Судопр	1
истпа	истца	1
чиоло	число	1
допушено	допущено	1
касаціонному	кассаціонному	1
вительствуюшаго	вительствующаго	1
ствуюшаго	ствующаго	1
подвѣдомым	подвѣдомы	1
Иіменно	Именно	1
точность	точностью	1
чиненія	учиненія	1
касаціонной	кассаціонной	1
разсмотрѣнчо	разсмотрѣно	1
участков	участковъ	1
опредѣлняетъ	опредѣляетъ	1
обявить	объявить	1
Депіарта	Департа	1
доказываются	оказываются	1
Даизасъ	Данзасъ	1
Вслѣствіе	Вслѣдствіе	1
Степансва	Степанова	1
Буцковскі	Буцковскій	1
вѣдоміствѣ	вѣдомствѣ	1
арестанскія	арестантскія	1
Федоров	Федорова	1
приводиться	приводится	1
Прокурсръ	Прокуроръ	1
Судномъ	Судомъ	1
оговора	договора	1
толковани	толкованіи	1
повѣренныхъг	повѣренныхъ	1
основаши	основами	1
ьствующій	ствующій	1
Правигель	Правитель	1
Лѣсковъ	Лѣсовъ	1
крестьяики	крестьянки	1
слѣдовав	слѣдова	1
квитанци	квитанціи	1
Бащуцкій	Башуцкій	1
Полйц	Полиц	1
Кассаціоннныхъ	Кассаціонныхъ	1
особенною	особенно	1
Первоприсутстр	Первоприсутст	1
имбла	имѣла	1
сообразное	сообразно	1
которсмъ	которомъ	1
завѣдывани	завѣдываніи	1
засѣдани	засѣданіи	1
арестуй	аресту	1
нскомъ	искомъ	1
оставного	отставного	1
наказанямъ	наказаніямъ	1
препятствемъ	препятствіемъ	1
признаегъ	признаетъ	1
Кассаціонно	Кассаціонной	1
свѣдѣня	свѣдѣнія	1
Лоссовскаг	Лоссовскаго	1
неимѣню	неимѣнію	1
преслѣдованю	преслѣдованію	1
Военноі	Военно	1
должною	должно	1
жалобсю	жалобою	1
надаетъ	падаетъ	1
этсму	этому	1
иложеннымъ	изложеннымъ	1
удовлетворене	удовлетвореніе	1
лонныхъ	онныхъ	1
наінесеніе	нанесеніе	1
неприняте	непринятіе	1
часоівъ	часовъ	1
внимане	вниманіе	1
нахолитъ	находитъ	1
Губіернскаго	Губернскаго	1
сображеній	соображеній	1
зависимостиі	зависимости	1
дисцйплины	дисциплины	1
полежащимъ	подлежащимъ	1
необіходимости	необходимости	1
олжностнымъ	должностнымъ	1
производе	производ	1
отравленія	отправленія	1
настояящее	настоящее	1
оразрѣшеніи	разрѣшеніи	1
Кассаціоінныхъ	Кассаціонныхъ	1
волсстного	волостного	1
Правительствующійх	Правительствующій	1
Тамбовско	Тамбовской	1
Войцеховнчъ	Войцеховичъ	1
Чернйговская	Черниговская	1
паказ	наказ	1
Правительствующійі	Правительствующій	1
Первопрнсутствующій	Первоприсутствующій	1
Галквистъ	Талквистъ	1
постановліен	постановлен	1
Пркуроръ	Прокуроръ	1
остановлена	постановлена	1
Усган	Устан	1
направлени	направленіи	1
Правительствущаго	Правительствующаго	1
Певоприсутств	Первоприсутств	1
наказал	наказа	1
оонован	основан	1
разобуравъ	разобравъ	1
азрѣшая	разрѣшая	1
подсудностиі	подсудности	1
пдсудности	подсудности	1
исключительіно	исключительно	1
іпроступки	проступки	1
Убернскаго	Губернскаго	1
оредѣленію	опредѣленію	1
цодлежа	подлежа	1
Уголовнагоі	Уголовнаго	1
обіщаго	общаго	1
Гакое	Такое	1
лавнаго	главнаго	1
временнномъ	временномъ	1
Мировымиі	Мировыми	1
эависѣло	зависѣло	1
крестьянкамъ	крестьянамъ	1
охранени	охраненіи	1
ксторою	которою	1
обратной	обратно	1
дожника	должника	1
согласо	согласно	1
унравлен	управлен	1
перекан	пререкан	1
переданія	преданія	1
лйцамъ	лицамъ	1
йсполнен	исполнен	1
подучивъ	получивъ	1
уастковый	участковый	1
пгедметъ	предметъ	1
Кассапіон	Кассаціон	1
уастковыхъ	участковыхъ	1
относительное	относительно	1
избираніи	избраніи	1
неподлежашимъ	неподлежащимъ	1
Совѣтика	Совѣтника	1
Внутренихъ	Внутреннихъ	1
кнйгу	книгу	1
находитися	находится	1
опредѣлсн	опредѣлен	1
Съѣдомъ	Съѣздомъ	1
оиредѣлен	опредѣлен	1
равительствующаго	правительствующаго	1
обзанностей	обязанностей	1
всшло	вошло	1
возникшаг	возникшаго	1
убернскимъ	губернскимъ	1
крестьяниіна	крестьянина	1
основал	основа	1
докладь	доклад	1
Ториау	Торнау	1
нродолж	продолж	1
онова	снова	1
Государю	Государ	1
дѣйствями	дѣйствіями	1
дѣдомъ	дѣломъ	1
отсутствя	отсутствія	1
Собіраніе	Собраніе	1
Департаментсвъ	Департаментовъ	1
ГПравительствующаго	Правительствующаго	1
енова	снова	1
Горнау	Торнау	1
заключенемъ	заключеніемъ	1
рядовомъС	рядовомъ	1
исполнеиіе	исполненіе	1
заведеня	заведенія	1
арестан	ареста	1
Правитедь	Правитель	1
тонныхъ	онныхъ	1
доносит	доноситъ	1
Црокуроръ	Прокуроръ	1
Окружнагоі	Окружнаго	1
осудопроизводствѣ	судопроизводствѣ	1
отдѣлене	отдѣленіе	1
Губернско	Губернское	1
Пгавитель	Правитель	1
інаказаніе	наказаніе	1
впослѣд	послѣд	1
сданное	данное	1
нащелъ	нашелъ	1
представлене	представленіе	1
осуждая	обсуждая	1
неподсудностиі	неподсудности	1
гражданнскаго	гражданскаго	1
крестьянками	крестьянами	1
докладыві	докладыв	1
примѣнимое	примѣнимо	1
опредѣленіиі	опредѣленіи	1
Опермана	Оппермана	1
Пятницій	Пятницкій	1
заявленя	заявленія	1
основанш	основан	1
значенному	означенному	1
сужденнаго	осужденнаго	1
словаіхъ	словахъ	1
Гроденской	Гродненской	1
окомъ	скомъ	1
попечител	попечителя	1
никаікихъ	никакихъ	1
соображенямъ	соображеніямъ	1
Тизнгаузенъ	Тизенгаузенъ	1
кружный	окружный	1
одлежитъ	подлежитъ	1
іучинено	учинено	1
поминается	упоминается	1
исполненчо	исполнено	1
относящяся	относящіяся	1
частаго	частнаго	1
выступилъ	вступилъ	1
Губернскагоі	Губернскаго	1
раэрѣшен	разрѣшен	1
представленіеемъ	представленіемъ	1
уѣэда	уѣзда	1
слѣдован	слѣдова	1
мести	шести	1
кредиторша	кредитора	1
жалобны	жалобы	1
освидѣтельсвованіе	освидѣтельствованіе	1
омѣщанинѣ	мѣщанинѣ	1
повѣренначо	повѣреннаго	1
настсящее	настоящее	1
Вслѣдсгв	Вслѣдств	1
представляеть	представлять	1
сообщен	сообщено	1
Губернскаг	Губернскаго	1
казачка	казака	1
окресть	кресть	1
олова	слова	1
разсмотрѣніію	разсмотрѣнію	1
убѣжалъ	бѣжалъ	1
предсмотрѣнномъ	предусмотрѣнномъ	1
псполн	исполн	1
ввдомства	вѣдомства	1
постановліеній	постановленій	1
прдставилъ	представилъ	1
Предсѣдательствова	Предсѣдательствов	1
должников	должниковъ	1
Нарчевскаго	Парчевскаго	1
росмана	гросмана	1
кассацііоннаго	кассаціоннаго	1
жлобамъ	жалобамъ	1
ізасвидѣтельствованіи	засвидѣтельствованіи	1
устранене	устраненіе	1
доджна	должна	1
постановаеніе	постановленіе	1
уѣзіднаго	уѣзднаго	1
миірового	мирового	1
обязіано	обязано	1
указаномъ	указанномъ	1
дѣяняхъ	дѣяніяхъ	1
утоловн	уголовн	1
крестьяскаго	крестьянскаго	1
занимаемо	занимаемой	1
сгвія	ствія	1
военнной	военной	1
подводу	поводу	1
общественыхъ	общественныхъ	1
пѣною	цѣною	1
онредѣляетъ	опредѣляетъ	1
отпуская	отпуска	1
подсуно	подсудно	1
пройз	произ	1
правленъ	правлен	1
баталіон	баталіона	1
ссображен	соображен	1
десятки	десяти	1
зводства	водства	1
должностого	должностного	1
норученію	порученію	1
дебіной	дебной	1
опредѣлетъ	опредѣляетъ	1
Высочайшим	Высочайшимъ	1
удостовѣрятся	удостовѣряется	1
частыми	частными	1
уставаі	устава	1
раэбору	разбору	1
читаются	считаются	1
Губернскао	Губернскаго	1
именною	именно	1
котоаго	котораго	1
выждать	выдать	1
разномысле	разномысліе	1
собсгвенною	собственною	1
окончанііи	окончаніи	1
условяхъ	условіяхъ	1
Означенію	Значенію	1
сношене	сношеніе	1
лѣйств	дѣйств	1
ЕЛИЧЕСТВА	Величества	1
таксмъ	такомъ	1
сторсны	стороны	1
ринимая	принимая	1
стороінъ	сторонъ	1
таршаго	старшаго	1
іпредоставить	предоставить	1
преступленяхъ	преступленіяхъ	1
узаконенй	узаконеній	1
судебніымъ	судебнымъ	1
еоблюденіе	соблюденіе	1
миовыми	мировыми	1
уничтожене	уничтоженіе	1
крестьниномъ	крестьяниномъ	1
благоусмотрѣне	благоусмотрѣніе	1
судоир	судопр	1
Предсѣдательсгв	Предсѣдательств	1
банксвъ	банковъ	1
очевидной	очевидно	1
пролажу	продажу	1
завѣдомое	завѣдомо	1
винномъ	виномъ	1
мошеничествѣ	мошенничествѣ	1
угверж	утверж	1
редсѣдательств	предсѣдательств	1
предложене	предложеніе	1
внутеннихъ	внутреннихъ	1
преслѣдованя	преслѣдованія	1
Первсприсут	Первоприсут	1
уплаітѣ	уплатѣ	1
иодвѣдомо	подвѣдомо	1
ссыльной	ссыльно	1
странить	устранить	1
доставивъ	оставивъ	1
отвѣтствеиность	отвѣтственность	1
Обшее	Общее	1
отдѣленй	отдѣленій	1
посга	поста	1
иновника	чиновника	1
надобностью	надобность	1
сключеніи	исключеніи	1
повѣреин	повѣрен	1
Сеиатъ	Сенатъ	1
случахъ	случаяхъ	1
воможности	возможности	1
обставилъ	оставилъ	1
Чернсглазовъ	Черноглазовъ	1
Плавскі	Плавскій	1
спеки	опеки	1
пенія	ненія	1
послѣдствіи	впослѣдствіи	1
съѣзідъ	съѣздъ	1
вляется	является	1
спеціальною	спеціально	1
поллежитъ	подлежитъ	1
единственною	единственно	1
правномъ	правомъ	1
нроступокъ	проступокъ	1
признава	признавая	1
иаказан	наказан	1
ностанов	постанов	1
прдположенія	предположенія	1
крѣпостно	крѣпостной	1
этйхъ	этихъ	1
примѣненя	примѣненія	1
гремя	тремя	1
утверженнымъ	утвержденнымъ	1
страненія	устраненія	1
сулопр	судопр	1
остановленный	постановленный	1
остановленное	постановленное	1
во- просъ	вопросъ	1
государствен- ныхъ	государственныхъ	1
дѣятель- ность	дѣятельность	1
сто- роны	стороны	1
не- подвѣдомственности	неподвѣдомственности	1
проку- раторіи	прокураторіи	1
прокурато- ріи	прокураторіи	1
го- рода	города	1
утвержден- ной	утвержденной	1
долж- ностныя	должностныя	1
по- ставленъ	поставленъ	1
вознагра- жден	вознагражден	1
Петровка	Петрова	1
сельскіихъ	сельскихъ	1
кгажи	кражи	1
сельокихъ	сельскихъ	1
Коиечно	Конечно	1
іпотому	потому	1
Оудопр	Судопр	1
Судопір	Судопр	1
влажнымъ	важнымъ	1
стороиы	стороны	1
удебными	судебными	1
опора	спора	1
сліучаѣ	случаѣ	1
взыок	взыск	1
какоімъ	какомъ	1
медлености	медленности	1
опаго	онаго	1
судебпымъ	судебнымъ	1
Сепата	Сената	1
удебнымъ	судебнымъ	1
ізрѣнія	зрѣнія	1
повсемѣстной	повсемѣстно	1
праваіми	правами	1
Однаіко	Однако	1
Нрилож	Прилож	1
назначеніныхъ	назначенныхъ	1
должные	должны	1
воинскато	воинскаго	1
иовымъ	новымъ	1
совершепія	совершенія	1
иреступ	преступ	1
призпаки	признаки	1
ікоторомъ	которомъ	1
закопами	законами	1
Цроку	Проку	1
Самоімъ	Самомъ	1
частпости	частности	1
Оѣверо	Сѣверо	1
оонов	основ	1
воиросу	вопросу	1
чипамъ	чинамъ	1
предало	передало	1
пристаъ	приставъ	1
должностнныхъ	должностныхъ	1
прплож	прилож	1
далекое	далеко	1
житлямъ	жителямъ	1
Желсховскій	Желеховскій	1
сдѣлаетъ	дѣлаетъ	1
воиросъ	вопросъ	1
воемъ	всемъ	1
інаказаніямъ	наказаніямъ	1
владѣльпевъ	владѣльцевъ	1
пстцовъ	истцовъ	1
иоста	поста	1
Каоса	Касса	1
чеиіе	ченіе	1
тажсы	таксы	1
тажсѣ	таксѣ	1
предета	предмета	1
говоритіъ	говоритъ	1
прскурора	прокурора	1
Бременной	Временной	1
всяікой	всякой	1
крутъ	кругъ	1
жоихъ	коихъ	1
Воеінно	Военно	1
Медиципской	Медицинской	1
Медицинсікой	Медицинской	1
собственика	собственника	1
Цравит	Правит	1
личиыхъ	личныхъ	1
еврейкой	еврейской	1
піяхъ	ніяхъ	1
іучастки	участки	1
оправкѣ	справкѣ	1
иросъ	просъ	1
умѣстной	мѣстной	1
состаівъ	составъ	1
двіиженія	движенія	1
Воениаго	Военнаго	1
толіько	только	1
кажое	какое	1
ко- товъ	котовъ	1
чле- на	члена	1
бума- ги	бумаги	1
со- гласно	согласно	1
недоразумѣ- ній	недоразумѣній	1
цѣ- на	цѣна	1
обви- ненію	обвиненію	1
слѣ- дователь	слѣдователь	1
зна- чило	значило	1
стою- щихъ	стоющихъ	1
повѣрен- номъ	повѣренномъ	1
судо- производства	судопроизводства	1
потер- пѣвшей	потерпѣвшей	1
су- лей	сулей	1
па- ла	пала	1
скрѣпитель- наго	скрѣпительнаго	1
скрѣ- пительнаго	скрѣпительнаго	1
установ- леній	установленій	1
по- становленію	постановленію	1
осудар- ственной	осударственной	1
подвѣдомствен- ныхъ	подвѣдомственныхъ	1
пред- сѣдате	предсѣдате	1
со- стояніи	состояніи	1
по- лиціймейстеру	полиціймейстеру	1
про- ступки	проступки	1
Признавшая	Признавая	1
дѣйствм	дѣйств	1
заключенііемъ	заключеніемъ	1
крестьяиина	крестьянина	1
подсудною	подсудно	1
етербургскомъ	петербургскомъ	1
свидѣтельн	свидѣтель	1
провѣреннымъ	повѣреннымъ	1
канпеляріи	канцеляріи	1
накаэа	наказа	1
ИІемъ	Ніемъ	1
преступленъ	преступлен	1
етербургскою	петербургскою	1
нныхъ	иныхъ	1
сдержать	содержать	1
пріинимая	принимая	1
обвинямыми	обвиняемыми	1
зависимостью	зависимость	1
остановила	постановила	1
уоловія	условія	1
вйтельствующаго	вительствующаго	1
октябіря	октября	1
Первопрйсутств	Первоприсутств	1
йубытки	убытки	1
ислюченіемъ	исключеніемъ	1
равленію	правленію	1
таменовъ	таментовъ	1
выданно	выданной	1
мпрового	мирового	1
дусматриваетъ	усматриваетъ	1
пронз	произ	1
Яровыхъ	Ровыхъ	1
Праівит	Правит	1
гоуродской	городской	1
іраспор	распор	1
Черноглазов	Черноглазовъ	1
предѣленіе	опредѣленіе	1
предѣляются	опредѣляются	1
препятстві	препятствій	1
правнымъ	равнымъ	1
земельн	земель	1
пристяжныхъ	присяжныхъ	1
образцомъ	образомъ	1
выносить	вносить	1
подобною	подобно	1
вставить	ставить	1
повыхъ	новыхъ	1
зысканіи	взысканіи	1
уіправленія	управленія	1
годному	одному	1
на- дѣломъ	надѣломъ	1
управ- леніи	управленіи	1
во- да	вода	1
по- ря	поря	1
со- да	сода	1
при- чемъ	причемъ	1
тельствующі	тельствующій	1
нравамъ	правамъ	1
собраніиі	собраніи	1
жаловъ	жалобъ	1
винскимъ	воинскимъ	1
долра	долга	1
мйров	миров	1
разрѣшепо	разрѣшено	1
свидѣтельг	свидѣтель	1
могугъ	могутъ	1
указамир	указами	1
управленіеі	управленіе	1
суденыхъ	судебныхъ	1
должніо	должно	1
емскимъ	земскимъ	1
прокури	прокур	1
Парствѣ	Царствѣ	1
абезсрочно	безсрочно	1
сутолько	столько	1
Первоприсутетв	Первоприсутств	1
постановлеонъ	постановленъ	1
собраннныхъ	собранныхъ	1
равитель	правитель	1
гуправленія	управленія	1
чебныхъ	учебныхъ	1
сумасшестві	сумасшествія	1
возможн	возможно	1
обвиняемыи	обвиняемыми	1
суголов	уголов	1
римѣняемы	примѣняемы	1
комхмерческимъ	коммерческимъ	1
крестьяонъ	крестьянъ	1
иикакихъ	никакихъ	1
новнымъ	новымъ	1
спросила	просила	1
равленіи	правленіи	1
Правительи	Правитель	1
подсудноне	подсудное	1
аистовъ	листовъ	1
преусмотрѣннымъ	предусмотрѣннымъ	1
поустановленный	постановленный	1
обязанн	обязан	1
Цредсѣдательствовалъ	Предсѣдательствовалъ	1
ходатайсгво	ходатайство	1
угвержд	утвержд	1
чебнаго	учебнаго	1
отѣтственности	отвѣтственности	1
подсудпо	подсудно	1
цроектъ	проектъ	1
Департаменч	Департамен	1
подвѣдомые	подвѣдомы	1
собственииковъ	собственниковъ	1
югородѣ	городѣ	1
огородъ	городъ	1
рестьянина	крестьянина	1
Александр	Александра	1
упросилъ	просилъ	1
даніномъ	данномъ	1
утвержо	утверж	1
овопросу	вопросу	1
продолже	продолж	1
мвстъ	мѣстъ	1
судсмъ	судомъ	1
представаяется	представляется	1
обязагельна	обязательна	1
обзанность	обязанность	1
очевидное	очевидно	1
денежне	денежное	1
мѣніяхъ	имѣніяхъ	1
дѣствія	дѣйствія	1
говыхъ	ровыхъ	1
объясня	объясняя	1
Государственг	Государствен	1
построннихъ	постороннихъ	1
суначала	сначала	1
подробные	подобные	1
свидѣтельствованіи	освидѣтельствованіи	1
Чегноглазовъ	Черноглазовъ	1
окимъ	скимъ	1
властиі	власти	1
основанж	основан	1
Первоприсугств	Первоприсутств	1
Государсгвеннаго	Государственнаго	1
несеніе	внесеніе	1
Первоприсутсгв	Первоприсутств	1
Кассаціонн	Кассаціон	1
помянутымъ	упомянутымъ	1
преимуществено	преимущественно	1
распоряжена	распоряжен	1
повѣста	повѣстка	1
взысканіиі	взысканіи	1
положительо	положительно	1
мѣшанина	мѣщанина	1
Харковскаго	Харьковскаго	1
казаніемъ	указаніемъ	1
Кассаціонных	Кассаціонныхъ	1
заніемъ	званіемъ	1
несомѣнно	несомнѣнно	1
никаког	никакого	1
Кіевска	Кіевская	1
воворенія	водворенія	1
наченію	значенію	1
выслушаніиі	выслушаніи	1
оенованіи	основаніи	1
рубкахъ	рукахъ	1
произвъ	произв	1
десятью	десять	1
способномъ	способомъ	1
редусмотрѣно	предусмотрѣно	1
управкъ	управъ	1
рученія	врученія	1
предала	передала	1
повѣрснныхъ	повѣренныхъ	1
дисциилинарное	дисциплинарное	1
возбуждаетйся	возбуждается	1
наченія	значенія	1
дѣйствъ	дѣйств	1
орскимъ	морскимъ	1
наказуя	наказу	1
постановля	постановляя	1
окачествахъ	качествахъ	1
ам- муничныхъ	аммуничныхъ	1
свѣ- дѣ	свѣдѣ	1
не- го	него	1
свидѣтель- ства	свидѣтельства	1
при- ст	прист	1
по- дано	подано	1
по- требованію	потребованію	1
дѣ- нія	дѣнія	1
огражде- ніи	огражденіи	1
обоз- рѣніи	обозрѣніи	1
возбужде- нію	возбужденію	1
обвини- телей	обвинителей	1
при- ми	прими	1
относи- тельно	относительно	1
подлежа- щей	подлежащей	1
ен- номъ	енномъ	1
за- лѣ	залѣ	1
значе- ніе	значеніе	1
опре- дѣленія	опредѣленія	1
обо- ихъ	обоихъ	1
судо- производственныя	судопроизводственныя	1
замѣ- ну	замѣну	1
па- латъ	палатъ	1
служите- лей	служителей	1
миро- выхъ	мировыхъ	1
бла- гоустр	благоустр	1
уста- новляетъ	установляетъ	1
сум- мы	суммы	1
де- нежныя	денежныя	1
предписываю- щей	предписывающей	1
ко- жъ	кожъ	1
дате- лей	дателей	1
подо- зрѣніи	подозрѣніи	1
уп- равы	управы	1
не- правильно	неправильно	1
по- даются	подаются	1
сес- сій	сессій	1
устра- нен	устранен	1
дальнѣй- шемъ	дальнѣйшемъ	1
су- дебномъ	судебномъ	1
слѣдую- щаго	слѣдующаго	1
на- казан	наказан	1
вопро- су	вопросу	1
част- ныхъ	частныхъ	1
по- да	пода	1
оп- редѣл	опредѣл	1
безписьмен- ность	безписьменность	1
розы- сканіи	розысканіи	1
нѣ- которыя	нѣкоторыя	1
со- ставленіи	составленіи	1
утверж- ден	утвержден	1
про- тиворѣчить	противорѣчить	1
карау- ловъ	карауловъ	1
постоян- наго	постояннаго	1
пред- ставителей	представителей	1
наложен- ныхъ	наложенныхъ	1
состояне	состояніе	1
разрѣшаемые	разрѣшаемы	1
прсизводства	производства	1
преднія	преданія	1
врученной	вырученной	1
исполнигь	исполнить	1
осударствен	государствен	1
Засиімъ	Засимъ	1
Атаманенко	Атаманченко	1
значковъ	знаковъ	1
доклалыв	докладыв	1
Оената	Сената	1
судопронзводствъ	судопроизводствъ	1
учежденія	учрежденія	1
іразъясненіями	разъясненіями	1
министрат	министра	1
возможною	возможно	1
неужели	нежели	1
составит	составить	1
азаконный	законный	1
установленнаг	установленнаго	1
установліенный	установленный	1
свіоемъ	своемъ	1
изъятый	изъяты	1
дѣйствь	дѣйств	1
геровыхъ	гербовыхъ	1
завленій	заявленій	1
оторыхъ	которыхъ	1
получйли	получили	1
рарзрѣшенія	разрѣшенія	1
требует	требуетъ	1
Первоприсутсті	Первоприсутст	1
препрсводила	препроводила	1
Ивановна	Иванова	1
межлу	между	1
предствить	представить	1
мѣющимъ	имѣющимъ	1
обсужда	обсуждая	1
иредсѣдателя	предсѣдателя	1
мровымъ	мировымъ	1
докладые	доклады	1
единственной	единственно	1
посудности	подсудности	1
Правіит	Правит	1
зданіемъ	изданіемъ	1
остоящее	состоящее	1
Оібщаго	Общаго	1
казанное	указанное	1
сходить	исходить	1
ссыльна	ссыльн	1
головный	уголовный	1
постановъ	постанов	1
корда	когда	1
падаты	палаты	1
Шляниной	Шляпиной	1
казанныя	указанныя	1
ервоприсутствующему	первоприсутствующему	1
собираніи	собраніи	1
продолжи	продолж	1
правитъ	правит	1
олостныхъ	волостныхъ	1
Кассаціоні	Кассаціон	1
правилъными	правильными	1
возкникающія	возникающія	1
неподлежащиімъ	неподлежащимъ	1
имущественіныхъ	имущественныхъ	1
Правительствущій	Правительствующій	1
несогласной	несогласно	1
тельсгвующій	тельствующій	1
съѣдовъ	съѣздовъ	1
къ- ст	къст	1
прило- женныхъ	приложенныхъ	1
собствен- никами	собственниками	1
уста- новляютъ	установляютъ	1
кре- стьянамъ	крестьянамъ	1
предсѣда- телю	предсѣдателю	1
не- ніи	неніи	1
зем- ли	земли	1
долж- ны	должны	1
уч- реж	учреж	1
содержа- нія	содержанія	1
жа- ло	жало	1
зем- скаго	земскаго	1
не- заслуживающею	незаслуживающею	1
слѣдо- вательно	слѣдовательно	1
слу- жить	служить	1
об- ремененнаго	обремененнаго	1
взы- сканія	взысканія	1
при- каза	приказа	1
не- подсудности	неподсудности	1
слѣдова- теля	слѣдователя	1
осно- ваніи	основаніи	1
под- лежало	подлежало	1
послѣд- ствія	послѣдствія	1
представле- нія	представленія	1
пере- сылку	пересылку	1
уѣз- довъ	уѣздовъ	1
поря- докъ	порядокъ	1
ми- ровые	мировые	1
по- становленья	постановленья	1
сѣмян- ныя	сѣмянныя	1
сѣмян- ныхъ	сѣмянныхъ	1
осу- дарственнаго	осударственнаго	1
осудар- ственнаго	осударственнаго	1
оп- ред	опред	1
объ- являются	объявляются	1
вре- мени	времени	1
по- томственное	потомственное	1
су- дѣ	судѣ	1
повѣ- реннаго	повѣреннаго	1
бал- лотировки	баллотировки	1
запо- дозрѣннаго	заподозрѣннаго	1
от- дѣльнымъ	отдѣльнымъ	1
наз- начаемы	назначаемы	1
уста- новленномъ	установленномъ	1
ис- полнительные	исполнительные	1
рисутствіемъ	присутствіемъ	1
опредѣлиь	опредѣлить	1
иравлен	правлен	1
изъясненіо	изъяснено	1
говорйтся	говорится	1
прощеній	прошеній	1
обязанностеи	обязанности	1
становить	установить	1
зтимъ	этимъ	1
разсуждені	разсужденій	1
Ссбран	Собран	1
поступи	поступки	1
оставляющихъ	составляющихъ	1
тамснтовъ	таментовъ	1
проданная	поданная	1
престуное	преступное	1
озиаченныхъ	означенныхъ	1
должнсть	должность	1
налагаіемыхъ	налагаемыхъ	1
помѣшена	помѣщена	1
иротиворѣчитъ	противорѣчитъ	1
изложеннныхъ	изложенныхъ	1
временн	временно	1
Подѣновъ	Полѣновъ	1
внутреннято	внутренняго	1
крака	кража	1
сыльныхъ	ссыльныхъ	1
Первоприутств	Первоприсутств	1
уголовніаго	уголовнаго	1
Смоленско	Смоленской	1
казались	оказались	1
оиред	опред	1
сданныхъ	данныхъ	1
Бориславсій	Бориславскій	1
правилъно	правильно	1
жадобы	жалобы	1
осиова	основа	1
основаь	основа	1
ознагражденія	вознагражденія	1
таксго	такого	1
обора	сбора	1
кассаціономъ	кассаціонномъ	1
установаеній	установленій	1
Нрокур	Прокур	1
предоставленномъ	представленномъ	1
Предсѣдательш	Предсѣдатель	1
пройзводство	производство	1
сдѣдств	слѣдств	1
Присутствл	Присутств	1
ходящихъ	входящихъ	1
промо- таніи	промотаніи	1
вышеиз- ложенное	вышеизложенное	1
па- латы	палаты	1
ут- кинъ	уткинъ	1
го- му	гому	1
отда- ленныя	отдаленныя	1
ограни- чиваются	ограничиваются	1
со- общить	сообщить	1
раз- смотрѣвъ	разсмотрѣвъ	1
оп- редѣленіемъ	опредѣленіемъ	1
ли- цамъ	лицамъ	1
управлені- емъ	управленіемъ	1
ро- му	рому	1
не- ніе	неніе	1
глав- нымъ	главнымъ	1
поли- цію	полицію	1
присяж- номъ	присяжномъ	1
повѣрен- наго	повѣреннаго	1
свѣдѣ- нію	свѣдѣнію	1
на- каза	наказа	1
прі- общенія	пріобщенія	1
проживатель- ствѣ	проживательствѣ	1
прожива- тельствѣ	проживательствѣ	1
приступле- но	приступлено	1
по- стройку	постройку	1
составляю- щихъ	составляющихъ	1
ин- станціи	инстанціи	1
разрѣ- шеніе	разрѣшеніе	1
обсужде- нію	обсужденію	1
при- сяжномъ	присяжномъ	1
жа- лобѣ	жалобѣ	1
по- вѣрен	повѣрен	1
со- ст	сост	1
кра- жа	кража	1
пре- доставлено	предоставлено	1
прекра- щенію	прекращенію	1
приго- воромъ	приговоромъ	1
арестантскі	арестантскія	1
подсудймаго	подсудимаго	1
елѣзныхъ	желѣзныхъ	1
леиія	ленія	1
Роэингъ	Розингъ	1
оллежскаго	коллежскаго	1
прокурс	прокур	1
Независим	Независимо	1
телъствующій	тельствующій	1
дальнѣйшеее	дальнѣйшее	1
опредѣленями	опредѣленіями	1
посудимый	подсудимый	1
обяэательствамъ	обязательствамъ	1
Обращаяоь	Обращаясь	1
свидѣтельствованія	освидѣтельствованія	1
ннымъ	инымъ	1
Вслѣдст	Вслѣдств	1
раніе	ранѣе	1
нервоначально	первоначально	1
нравильности	правильности	1
судебпыхъ	судебныхъ	1
возлагат	возлагать	1
взведен	введен	1
приведеиныхъ	приведенныхъ	1
прощенію	прошенію	1
вндно	видно	1
слобо	слово	1
гражденія	огражденія	1
межевыхъі	межевыхъ	1
Фрйде	Фриде	1
видѣтельства	свидѣтельства	1
исключатъ	исключаетъ	1
лицахми	лицами	1
жалова	жалоба	1
Вслѣдствіи	Слѣдствіи	1
подробный	подобный	1
освидѣтельство	свидѣтельство	1
сбязанностей	обязанностей	1
становленное	установленное	1
Предсѣдательтв	Предсѣдательств	1
сдной	одной	1
по- вин	повин	1
госу- дар	государ	1
разъяс- неніемъ	разъясненіемъ	1
под- даннаго	подданнаго	1
предо- ставлено	предоставлено	1
послѣдст- віяхъ	послѣдствіяхъ	1
пра- вилъ	правилъ	1
противорѣ- чатъ	противорѣчатъ	1
от- вѣтственности	отвѣтственности	1
капи- тана	капитана	1
вы- шеприведенныхъ	вышеприведенныхъ	1
перемѣще- ніе	перемѣщеніе	1
повѣ- стокъ	повѣстокъ	1
изъятые	изъяты	1
яиваря	января	1
Кассаціои	Кассаціи	1
должиостныхъ	должностныхъ	1
шества	щества	1
иримѣч	примѣч	1
йсполн	исполн	1
кружныхъ	окружныхъ	1
содержит	содержитъ	1
ительствующій	тельствующій	1
совершенноі	совершенно	1
итересовъ	интересовъ	1
мѣщаиъ	мѣщанъ	1
оговоры	договоры	1
оговорѣ	договорѣ	1
нахождені	нахожденія	1
уложеніяо	уложенія	1
Свѣтошева	Вѣтошева	1
Первсприсутств	Первоприсутств	1
носада	посада	1
основаг	основа	1
длежать	лежать	1
Сибирью	Сибирь	1
возмож- ности	возможности	1
отдѣ- ловъ	отдѣловъ	1
дру- гой	другой	1
выслу- шавъ	выслушавъ	1
вышеизложен- нымъ	вышеизложеннымъ	1
правитель- ствен	правительствен	1
дѣйствую- щія	дѣйствующія	1
участ- кового	участкового	1
объ- явленнымъ	объявленнымъ	1
пре- сѣч	пресѣч	1
соб- ственникамъ	собственникамъ	1
рас- поряд	распоряд	1
слѣ- дователѣ	слѣдователѣ	1
соверше- нія	совершенія	1
обя- занность	обязанность	1
нотаріу- совъ	нотаріусовъ	1
подразу- мѣваетъ	подразумѣваетъ	1
при- знавалъ	признавалъ	1
достав- ленныя	доставленныя	1
напеча- танія	напечатанія	1
утверди- тельномъ	утвердительномъ	1
раз- нымъ	разнымъ	1
положе- нія	положенія	1
ли- шилъ	лишилъ	1
не- состоятельности	несостоятельности	1
об- ществъ	обществъ	1
за- сѣданіи	засѣданіи	1
спра- ведливости	справедливости	1
долж- ностными	должностными	1
би- летовъ	билетовъ	1
до- ставляется	доставляется	1
при- става	пристава	1
мѣ- сяцъ	мѣсяцъ	1
проку- роромъ	прокуроромъ	1
отпускае	отпуска	1
постановл	постанов	1
подробной	подробно	1
комисси	комиссіи	1
ХПредсѣдательствов	Предсѣдательствов	1
новѣренныхъ	повѣренныхъ	1
способны	способы	1
судъямъ	судьямъ	1
Первѳприсут	Первоприсут	1
вышеириведенной	вышеприведенной	1
пользуй	пользу	1
цѣнноети	цѣнности	1
находят	находя	1
цризнать	признать	1
касающимися	касающимся	1
приствомъ	приставомъ	1
несенныхъ	внесенныхъ	1
прекрашенію	прекращенію	1
цорядкѣ	порядкѣ	1
цроступкѣ	проступкѣ	1
бязанности	обязанности	1
Перворисут	Первоприсут	1
цравилъ	правилъ	1
іружнаго	ружнаго	1
обвинямыхъ	обвиняемыхъ	1
сбязан	обязан	1
Впрочеімъ	Впрочемъ	1
гсворя	говоря	1
содержаться	содержатся	1
утвержъ	утверж	1
зкоторыхъ	которыхъ	1
СКПХЪ	Скихъ	1
свершенные	совершенные	1
полономъ	полномъ	1
жснія	женія	1
отмѣныю	отмѣны	1
ссобымъ	особымъ	1
объснилъ	объяснилъ	1
судебио	судебно	1
ДОЛЖНОСТИЫМЪ	Должностнымъ	1
камснецъ	каменецъ	1
Иравит	Правит	1
прсступлен	преступлен	1
упомянутохмъ	упомянутомъ	1
наблюденя	наблюденія	1
снованій	основаній	1
иополн	исполн	1
нохраненіе	охраненіе	1
ксторыя	которыя	1
учрсжденныхъ	учрежденныхъ	1
веннымъ	военнымъ	1
ѣполнѣ	вполнѣ	1
возможностью	возможность	1
движимо	движимое	1
судеб- ной	судебной	1
су- дебнаго	судебнаго	1
не- премѣнныхъ	непремѣнныхъ	1
основатель- нымъ	основательнымъ	1
про- из	произ	1
ос- нованіи	основаніи	1
пра- вит	правит	1
об- виненнаго	обвиненнаго	1
от- ношеній	отношеній	1
засвидѣ- тельствованія	засвидѣтельствованія	1
поста- новленія	постановленія	1
ре- золюціи	резолюціи	1
обвиня- ютъ	обвиняютъ	1
миро- вого	мирового	1
ро- зысканіе	розысканіе	1
по- лицейское	полицейское	1
переда- но	передано	1
ок- руж	окруж	1
при- знать	признать	1
мировы- ми	мировыми	1
раждан- скій	ражданскій	1
возникше- му	возникшему	1
подразумѣ- ваетъ	подразумѣваетъ	1
установле- ній	установленій	1
арестуе- мыхъ	арестуемыхъ	1
прокура- торія	прокураторія	1
пред- ставить	представить	1
вѣдом- ст	вѣдомст	1
казаннымъ	указаннымъ	1
сущестѣенное	существенное	1
Ирокуроръ	Прокуроръ	1
докдадыв	докладыв	1
ссыльное	ссыльно	1
Рсвинскій	Ровинскій	1
сообшилъ	сообщилъ	1
Сенага	Сената	1
нзмѣненія	измѣненія	1
локлад	доклад	1
равительствующій	правительствующій	1
сопряжен	сопряжено	1
паукъ	наукъ	1
Черногазовъ	Черноглазовъ	1
повсдъ	поводъ	1
пунктам	пункта	1
липахъ	лицахъ	1
получене	полученіе	1
должпостныя	должностныя	1
Ппотому	Потому	1
претензі	претензіи	1
остановленій	постановленій	1
опредѣляе	опредѣле	1
признанна	признана	1
письменною	письменно	1
Нклюдовъ	Неклюдовъ	1
становленъ	установленъ	1
подлежаѣ	подлежа	1
Правительствующе	Правительствующ	1
правлено	правлен	1
разрѣшенно	разрѣшено	1
Сепат	Сенат	1
существуя	существу	1
окончен	окончено	1
уѣздна- го	уѣзднаго	1
зем- лемѣра	землемѣра	1
ражданска- го	ражданскаго	1
по- вѣреннаго	повѣреннаго	1
слѣдователь- но	слѣдовательно	1
усадь- бы	усадьбы	1
по- печителю	попечителю	1
прокурато- ріею	прокураторіею	1
от- носятся	относятся	1
ме- диц	медиц	1
упо- требленныя	употребленныя	1
за- вѣдуетъ	завѣдуетъ	1
отно- шені	отношені	1
содержа- ніе	содержаніе	1
ус- тановляющихъ	установляющихъ	1
несо- гласно	несогласно	1
ен- товъ	ентовъ	1
имѣ- ютъ	имѣютъ	1
уста- новленій	установленій	1
установ- ляется	установляется	1
изда- нія	изданія	1
об- сужденія	обсужденія	1
прожи- вательство	проживательство	1
из- вѣстныхъ	извѣстныхъ	1
взыска- телемъ	взыскателемъ	1
ведеиія	веденія	1
сокругъ	округъ	1
Присуствіемъ	Присутствіемъ	1
преусмотрѣнномъ	предусмотрѣнномъ	1
Первоприсутстз	Первоприсутст	1
сообщеня	сообщенія	1
отставить	оставить	1
посѣдній	послѣдній	1
раненіе	храненіе	1
производствіа	производства	1
ападнаго	западнаго	1
порядок	порядокъ	1
предствилъ	представилъ	1
Первоприеут	Первоприсут	1
общймъ	общимъ	1
приложени	приложеніи	1
согласной	согласно	1
приімѣненія	примѣненія	1
отсужденный	осужденный	1
досмотра	осмотра	1
засѣданя	засѣданія	1
роль- никамъ	рольникамъ	1
не- ніемъ	неніемъ	1
уста- новляющая	установляющая	1
су- дамъ	судамъ	1
ко- ва	кова	1
дѣйству- ютъ	дѣйствуютъ	1
раз- дѣла	раздѣла	1
обвини- тельномъ	обвинительномъ	1
по- слѣд	послѣд	1
при- го	приго	1
ком- миссіи	коммиссіи	1
отдѣлънымъ	отдѣльнымъ	1
обсужденныхъ	осужденныхъ	1
предложенно	предложено	1
наслѣдственннаго	наслѣдственнаго	1
еудопр	судопр	1
нримѣч	примѣч	1
сточнаго	точнаго	1
авторомъ	второмъ	1
таксвое	таковое	1
лежитъѵ	лежитъ	1
иредложенному	предложенному	1
редложеннымъ	предложеннымъ	1
редъявленія	предъявленія	1
роизводствомъ	производствомъ	1
предусмотрѣнных	предусмотрѣнныхъ	1
самостоятельною	самостоятельно	1
сѳбраніе	собраніе	1
пеклюдовъ	неклюдовъ	1
унравы	управы	1
пререка- ніе	пререканіе	1
со- общенія	сообщенія	1
го- род	город	1
по- мѣщеніи	помѣщеніи	1
гербово- го	гербового	1
ка- питаловъ	капиталовъ	1
послѣд- не	послѣдне	1
ус- ловіи	условіи	1
соот- вѣтствовало	соотвѣтствовало	1
аресту- емыхъ	арестуемыхъ	1
кон- троля	контроля	1
раз- нообразная	разнообразная	1
учрежде- нія	учрежденія	1
по- боевъ	побоевъ	1
ст- вующаго	ствующаго	1
соображенъ	соображен	1
гаковыя	таковыя	1
недоразумѣня	недоразумѣнія	1
біезмездными	безмездными	1
Соединенна	Соединенная	1
привходятъ	приводятъ	1
Говар	Товар	1
Бѣловък	Бѣловъ	1
преступл	преступ	1
непосредствіенно	непосредственно	1
Департамета	Департамента	1
Правительсгв	Правительств	1
имѣщимъ	имѣющимъ	1
вопросус	вопросу	1
нстаріусами	нотаріусами	1
спссобовъ	способовъ	1
Обсръ	Оберъ	1
духовны	духовныя	1
возбудил	возбудилъ	1
согласю	согласію	1
Іизданія	Изданія	1
обез- печеніе	обезпеченіе	1
слѣдова- телю	слѣдователю	1
примѣ- ненія	примѣненія	1
дан- наго	даннаго	1
за- вѣдывающаго	завѣдывающаго	1
завѣ- дывающаго	завѣдывающаго	1
резе- ши	резеши	1
ре- зешами	резешами	1
ре- зешской	резешской	1
взыскивают- ся	взыскиваются	1
ку- рора	курора	1
по- велѣнія	повелѣнія	1
отвод- ныхъ	отводныхъ	1
кото- въ	котовъ	1
иму- щество	имущество	1
до- говору	договору	1
раж- данскій	ражданскій	1
ком- мерческимъ	коммерческимъ	1
ви- въ	вивъ	1
на- ту	нату	1
протесто- ванныхъ	протестованныхъ	1
по- рядку	порядку	1
усган	устан	1
гсворится	говорится	1
ражданскому	гражданскому	1
Гозингъ	Розингъ	1
подтверженіе	подтвержденіе	1
порядкъ	порядокъ	1
онредѣ	опредѣ	1
ѵставить	ставить	1
влѣдѣніемъ	вѣдѣніемъ	1
передѣловъ	предѣловъ	1
общественны	общественныя	1
удѣлами	дѣлами	1
удѣломъ	дѣломъ	1
вопослѣдованія	воспослѣдованія	1
приімѣч	примѣч	1
миговые	мировые	1
стогоны	стороны	1
сталось	осталось	1
обвнненію	обвиненію	1
сводимъ	своимъ	1
свсей	своей	1
присгавамъ	приставамъ	1
впродолженіе	продолженіе	1
твержденіе	утвержденіе	1
предэставлены	представлены	1
нмѣть	имѣть	1
Прокуроруі	Прокурору	1
предѣляется	опредѣляется	1
вѣ- домства	вѣдомства	1
про- съ	просъ	1
пріобрѣ- тенныхъ	пріобрѣтенныхъ	1
пріоб- рѣвшаго	пріобрѣвшаго	1
го- родахъ	городахъ	1
со- стоятъ	состоятъ	1
со- ображеніямъ	соображеніямъ	1
прокура- торіи	прокураторіи	1
уполно- мочія	уполномочія	1
та- комъ	такомъ	1
имѣ- ніямъ	имѣніямъ	1
ен- ныхъ	енныхъ	1
дол- жно	должно	1
совершен- номъ	совершенномъ	1
зани- маемымъ	занимаемымъ	1
занимае- мымъ	занимаемымъ	1
кре- стьянск	крестьянск	1
ви- тельствующаго	вительствующаго	1
потреб- ныхъ	потребныхъ	1
вымеже- ваніи	вымежеваніи	1
Карчествѣ	Качествѣ	1
вореннаго	военнаго	1
чкотораго	котораго	1
признает	признаетъ	1
Прскуроръ	Прокуроръ	1
дальнѣйше	дальнѣйшее	1
опредѣлительною	опредѣлительно	1
хозяйств	хозяйства	1
началъникахъ	начальникахъ	1
аирѣля	апрѣля	1
уложеня	уложенія	1
кассаціонаго	кассаціоннаго	1
тельио	тельно	1
зысканій	взысканій	1
предѣленныхъ	опредѣленныхъ	1
обязаиности	обязанности	1
судопрі	судопр	1
осударственный	государственный	1
выслущаніи	выслушаніи	1
отвѣственности	отвѣтственности	1
имущесгво	имущество	1
военнол	военно	1
ипринявъ	принявъ	1
Предсѣдатея	Предсѣдателя	1
содержаня	содержанія	1
предментъ	предметъ	1
Нрокуроръ	Прокуроръ	1
производг	производ	1
чрежденіе	учрежденіе	1
казаніи	указаніи	1
наказіанія	наказанія	1
установен	установлен	1
Предсѣдательствсвалъ	Предсѣдательствовалъ	1
должностных	должностныхъ	1
вѣломства	вѣдомства	1
наченіе	значеніе	1
значительною	значительно	1
котрому	которому	1
Внутренних	Внутреннихъ	1
судъями	судьями	1
должнйка	должника	1
обвиияемому	обвиняемому	1
головному	уголовному	1
непремѣнны	непремѣнный	1
сустава	устава	1
разсыль- ныхъ	разсыльныхъ	1
изъ- емлются	изъемлются	1
вы- раженіемъ	выраженіемъ	1
попрежне- му	попрежнему	1
она- каз	онаказ	1
проше- ніе	прошеніе	1
имѣ- етъ	имѣетъ	1
охрани- тельномъ	охранительномъ	1
слу- чаѣ	случаѣ	1
ко- номъ	кономъ	1
клю- ченіе	ключеніе	1
родска- го	родскаго	1
по- становленіе	постановленіе	1
ка- кого	какого	1
спеціаль- ное	спеціальное	1
примѣ- няется	примѣняется	1
распро- страняется	распространяется	1
возника- ло	возникало	1
деб- ныхъ	дебныхъ	1
одна- ко	однако	1
из- мѣн	измѣн	1
пред- варительно	предварительно	1
Государствеинаго	Государственнаго	1
аредныхъ	арендныхъ	1
поѣщиковъ	помѣщиковъ	1
невозможной	невозможно	1
достаться	остаться	1
оеннаго	военнаго	1
ймѣнія	имѣнія	1
астныхъ	частныхъ	1
высказан	высказано	1
миговаго	мироваго	1
врученя	врученія	1
исиол	испол	1
івслѣдствіе	вслѣдствіе	1
Согасно	Согласно	1
полагает	полагаетъ	1
основанямъ	основаніямъ	1
Гйльдіи	Гильдіи	1
Правиду	Правилу	1
соотвѣтстві	соотвѣтствіи	1
вѣдомостй	вѣдомостей	1
етербургскаго	петербургскаго	1
Кассаціонг	Кассаціон	1
дозволяегся	дозволяется	1
узаксненій	узаконеній	1
дѣйства	дѣйств	1
обшественныхъ	общественныхъ	1
сматриваетъ	усматриваетъ	1
выс- шая	высшая	1
ка- зеннаго	казеннаго	1
по- желали	пожелали	1
про- сителя	просителя	1
совер- шено	совершено	1
сервитут- наго	сервитутнаго	1
опре- дѣляя	опредѣляя	1
ко- торое	которое	1
коммиса- ра	коммисара	1
при- надлежащій	принадлежащій	1
губер- ніяхъ	губерніяхъ	1
по- ставляется	поставляется	1
кресть- янамъ	крестьянамъ	1
отсы- лается	отсылается	1
на- шихъ	нашихъ	1
на- ше	наше	1
послѣдо- вавшія	послѣдовавшія	1
кресть- яниномъ	крестьяниномъ	1
на- ча	нача	1
под- вѣдом	подвѣдом	1
но- сти	ности	1
удовлетво- ренію	удовлетворенію	1
бществомъ	обществомъ	1
публикаці	публикаціи	1
обшаго	общаго	1
показываются	оказываются	1
провѣренныхъ	повѣренныхъ	1
соотвѣтственною	соотвѣтственно	1
Прокугоръ	Прокуроръ	1
досталась	осталась	1
дслженъ	долженъ	1
досталось	осталось	1
оглашенію	соглашенію	1
укаэан	указан	1
положенемъ	положеніемъ	1
законна	закона	1
проданномъ	поданномъ	1
ломахъ	домахъ	1
крестъянскимъ	крестьянскимъ	1
статьеюЗ	статьею	1
водостнаго	волостнаго	1
предѣленіи	опредѣленіи	1
ноябіря	ноября	1
Высочайще	Высочайше	1
Собранѣ	Собран	1
ирилож	прилож	1
иродолж	продолж	1
арендуй	аренду	1
Правительствуй	Правительству	1
обязаяно	обязано	1
этстъ	этотъ	1
взведеніи	введеніи	1
тствующимъ	ствующимъ	1
рактовъ	актовъ	1
примѣнймы	примѣнимы	1
Лйфляндской	Лифляндской	1
поинности	повинности	1
Ысогласія	Согласія	1
основащ	основа	1
нутреннихъ	внутреннихъ	1
провѣрку	повѣрку	1
потребленія	употребленія	1
земсксму	земскому	1
псстановленнымъ	постановленнымъ	1
реступленіяхъ	преступленіяхъ	1
распори	распор	1
коммиса- рамъ	коммисарамъ	1
пала- тѣ	палатѣ	1
попе- чительствахъ	попечительствахъ	1
попечитель- ствахъ	попечительствахъ	1
цер- ковь	церковь	1
подразумѣва- етъ	подразумѣваетъ	1
како- му	какому	1
кресть- янину	крестьянину	1
серви- тутнаго	сервитутнаго	1
допол- ненія	дополненія	1
при- ня	приня	1
рос- писанію	росписанію	1
состав- ляло	составляло	1
несрав- ненно	несравненно	1
рос- писаніи	росписаніи	1
состав- ленными	составленными	1
публич- ныхъ	публичныхъ	1
изъ- емлется	изъемлется	1
завѣ- дывающихъ	завѣдывающихъ	1
чи- сто	чисто	1
зем- скихъ	земскихъ	1
за- вѣдываніе	завѣдываніе	1
постановлен- наго	постановленнаго	1
обязательно- сти	обязательности	1
представляющее- ся	представляющееся	1
предоставленыхъ	предоставленныхъ	1
предрставленное	представленное	1
привлечен	привлеченъ	1
примѣнене	примѣненіе	1
нарушеняхъ	нарушеніяхъ	1
вообщеи	вообще	1
выдачул	выдачу	1
присутственно	присутственное	1
суловъ	судовъ	1
приговоровъі	приговоровъ	1
тодько	только	1
вмѣстно	вмѣсто	1
вэысканіи	взысканіи	1
сельски	сельск	1
положенями	положеніями	1
сгепени	степени	1
обсужденнаго	осужденнаго	1
Щтакельбергъ	Штакельбергъ	1
приложи	прилож	1
Подольсой	Подольской	1
Первоприсутству	Первоприсутств	1
Шгакельбергъ	Штакельбергъ	1
устроенія	строенія	1
юземельнаго	земельнаго	1
епартаментъ	департаментъ	1
Первоприсутста	Первоприсутст	1
редставленъ	представленъ	1
замѣстить	замѣтить	1
нстар	нотар	1
обыкновенной	обыкновенно	1
мѣсгностей	мѣстностей	1
губернш	губерн	1
обязательсгва	обязательства	1
выражене	выраженіе	1
принима	принимая	1
зсмель	земель	1
обязанностиі	обязанности	1
бществъ	обществъ	1
обставлены	оставлены	1
возражене	возраженіе	1
исполнплъ	исполнилъ	1
опускаются	допускаются	1
поллежащихъ	подлежащихъ	1
сборками	сборами	1
Тчинами	Чинами	1
разборкѣ	разборѣ	1
мершихъ	умершихъ	1
головнымъ	уголовнымъ	1
зачительно	значительно	1
утвердительное	утвердительно	1
объявлени	объявленіи	1
кресгьянина	крестьянина	1
прсдажу	продажу	1
сер- витутныхъ	сервитутныхъ	1
сервитут- ныхъ	сервитутныхъ	1
запреще- нія	запрещенія	1
общин- номъ	общинномъ	1
предста- влялось	представлялось	1
кресть- янскихъ	крестьянскихъ	1
арен- даторъ	арендаторъ	1
об- щимъ	общимъ	1
се- лен	селен	1
про- мышл	промышл	1
ука- зомъ	указомъ	1
ай- ше	айше	1
прочемъ	впрочемъ	1
липомъ	лицомъ	1
ышеизложеннаго	вышеизложеннаго	1
претензи	претензіи	1
обезпеченя	обезпеченія	1
крестъян	крестьян	1
суголовнымъ	уголовнымъ	1
повѣреныхъ	повѣренныхъ	1
дозволен	дозволено	1
подсудлныхъ	подсудныхъ	1
лйчно	лично	1
Правителъствующ	Правительствующ	1
окрутахъ	округахъ	1
Терскаго	Тверскаго	1
исиолн	исполн	1
огдачи	отдачи	1
состояня	состоянія	1
Комисся	Комиссія	1
каткимъ	какимъ	1
слѣдо- вате	слѣдовате	1
про- изв	произв	1
асха- бадской	асхабадской	1
судеб- наго	судебнаго	1
ок- ружный	окружный	1
па- спорт	паспорт	1
ремес- ленниковъ	ремесленниковъ	1
про- извод	производ	1
прі- обрѣвшими	пріобрѣвшими	1
мо- гло	могло	1
ос- но	осно	1
на- прим	наприм	1
установ- лені	установлені	1
вытека- етъ	вытекаетъ	1
руководствовать- ся	руководствоваться	1
долж- ностнаго	должностнаго	1
вла- дѣ	владѣ	1
подвѣ- дом	подвѣдом	1
се- кретаря	секретаря	1
обвине- нію	обвиненію	1
упомяну- тые	упомянутые	1
ен- наго	еннаго	1
мирова- го	мироваго	1
обвиненю	обвиненію	1
эналъ	зналъ	1
мнѣнемъ	мнѣніемъ	1
скружнаго	окружнаго	1
ногар	нотар	1
вслѣдствій	слѣдствій	1
становленіямъ	установленіямъ	1
казвказскаго	кавказскаго	1
названыхъ	названныхъ	1
мущества	имущества	1
присутствь	присутств	1
окружнаг	окружнаго	1
саратовска	саратовская	1
вопросуо	вопросу	1
недвиіжимости	недвижимости	1
обставленъ	оставленъ	1
возможной	возможно	1
подлежащнхъ	подлежащихъ	1
мѣетъ	мѣстъ	1
олѣдовало	слѣдовало	1
примѣняемый	примѣняемы	1
чергѣ	чертѣ	1
Сеніатъ	Сенатъ	1
Предсѣдательствс	Предсѣдательств	1
Сбщее	Общее	1
ггаждан	граждан	1
чисду	числу	1
преступнсе	преступное	1
слѣдовіательно	слѣдовательно	1
вилахъ	видахъ	1
сктября	октября	1
усмтриваетъ	усматриваетъ	1
разъяснть	разъяснить	1
правильн	правильно	1
Ьоснован	Основан	1
Такзимъ	Такимъ	1
вѣдомсгва	вѣдомства	1
особсму	особому	1
росписи	росписки	1
Высліушавъ	Выслушавъ	1
Относящеся	Относящееся	1
Правительг	Правитель	1
депатаментовъ	департаментовъ	1
ассе- соръ	ассесоръ	1
тульс- комъ	тульскомъ	1
кресть- янъ	крестьянъ	1
вымежева- ніи	вымежеваніи	1
вѣч- но	вѣчно	1
чиншеви- ковъ	чиншевиковъ	1
чинше- вика	чиншевика	1
чин- шеваго	чиншеваго	1
вышеизложен- ными	вышеизложенными	1
установля- ющія	установляющія	1
но- жемъ	ножемъ	1
участвовав- шаго	участвовавшаго	1
лѣсо- владѣльца	лѣсовладѣльца	1
относитель- но	относительно	1
от- дѣленія	отдѣленія	1
установ- ляютъ	установляютъ	1
ге- на	гена	1
соб- ствен	собствен	1
дол- женъ	долженъ	1
ком- мисіи	коммисіи	1
фор- мы	формы	1
от- чуждающей	отчуждающей	1
при- сутств	присутств	1
собствен- но	собственно	1
ев- реямъ	евреямъ	1
начальни- кахъ	начальникахъ	1
основы- вается	основывается	1
вы- шепоставленный	вышепоставленный	1
поло- жено	положено	1
зна- чен	значен	1
пріо- брѣвшихъ	пріобрѣвшихъ	1
возстановле- ніе	возстановленіе	1
суще- ст	сущест	1
поль- зуются	пользуются	1
рас- по	распо	1
ис- ключительномъ	исключительномъ	1
войскова- го	войсковаго	1
онна- го	оннаго	1
мѣща- намъ	мѣщанамъ	1
ен- ное	енное	1
сель- ско	сельско	1
пслучаютъ	получаютъ	1
приставамъі	приставамъ	1
приставномъ	приставомъ	1
просхожденія	происхожденія	1
ссудахъ	судахъ	1
пользованііи	пользованіи	1
принятою	принято	1
впродолженіи	продолженіи	1
івладѣніе	владѣніе	1
безсрочной	безсрочно	1
отношена	отношен	1
пререканіюо	пререканію	1
вопроісамъ	вопросамъ	1
возстановленіія	возстановленія	1
ісогласія	согласія	1
правленііе	правленіе	1
признане	признаніе	1
окументовъ	документовъ	1
количесвѣ	количествѣ	1
крестьянски	крестьянки	1
воспрещен	воспрещено	1
основая	основа	1
Соединеннсму	Соединенному	1
исключительною	исключительно	1
разномысля	разномыслія	1
совершеня	совершенія	1
примѣнени	примѣненіи	1
неоходимости	необходимости	1
участныхъ	частныхъ	1
утвержденных	утвержденныхъ	1
арендатор	арендатора	1
заксна	закона	1
эаконное	законное	1
волостніаго	волостнаго	1
судебнсе	судебное	1
овода	свода	1
отнсшен	отношен	1
слѣдсватель	слѣдователь	1
надписиі	надписи	1
ксему	коему	1
оборомъ	сборомъ	1
относительной	относительно	1
Государсгвен	Государствен	1
ляегъ	ляетъ	1
умѣстности	мѣстности	1
Петербурскій	Петербургскій	1
неизвѣстною	неизвѣстно	1
постансвлен	постановлен	1
совѣстно	совмѣстно	1
обязаниость	обязанность	1
Кассацонный	Кассаціонный	1
возбжденнаго	возбужденнаго	1
гельно	тельно	1
сбывшему	бывшему	1
опредѣленемъ	опредѣленіемъ	1
счастію	частію	1
исключенемъ	исключеніемъ	1
подходит	подходитъ	1
едавать	давать	1
предѣленія	опредѣленія	1
полежитъ	подлежитъ	1
редаются	предаются	1
ородоваго	городоваго	1
рѣшенямъ	рѣшеніямъ	1
иоября	ноября	1
нахсдя	находя	1
преступлсн	преступлен	1
служебны	служебныя	1
начальствсмъ	начальствомъ	1
слѣдсвателя	слѣдователя	1
свсему	своему	1
ѣдомства	вѣдомства	1
нрисутствіе	присутствіе	1
Исиолн	Исполн	1
сужденныхъ	осужденныхъ	1
равительству	правительству	1
Правительс	Правитель	1
Первіоприсут	Первоприсут	1
мѣщанинсмъ	мѣщаниномъ	1
Бѣдовъ	Бѣловъ	1
обнаружен	обнаружено	1
льготна	льгота	1
прежніему	прежнему	1
упра- влявшій	управлявшій	1
ма- ріавитовъ	маріавитовъ	1
завѣды- вающаго	завѣдывающаго	1
над- лежащаго	надлежащаго	1
заключніе	заключеніе	1
оборами	сборами	1
цорядка	порядка	1
пропсхожденія	происхожденія	1
полженіями	положеніями	1
спискокъ	списокъ	1
тородъ	городъ	1
ородовъ	городовъ	1
гпльдіи	гильдіи	1
прпмѣч	примѣч	1
начадьствомъ	начальствомъ	1
котсромъ	которомъ	1
полькаго	польскаго	1
варшавсксмъ	варшавскомъ	1
преотупленіяхъ	преступленіяхъ	1
псполненію	исполненію	1
владѣиной	владѣнной	1
сдучаѣ	случаѣ	1
очевидною	очевидно	1
пмѣть	имѣть	1
ѳбсужденію	обсужденію	1
крестьяскими	крестьянскими	1
присутстѣія	присутствія	1
даль- нѣйшія	дальнѣйшія	1
запятій	занятій	1
осадахъ	посадахъ	1
иснолненіе	исполненіе	1
Министргу	Министру	1
оказаніе	показаніе	1
ВыоочАйшАго	Высочайшаго	1
дѣяиія	дѣянія	1
нріобрѣтеніе	пріобрѣтеніе	1
Правительствуюш	Правительствую	1
Денартамента	Департамента	1
закопу	закону	1
присяжыхъ	присяжныхъ	1
надобпости	надобности	1
арендпыхъ	арендныхъ	1
губерпій	губерній	1
выступить	вступить	1
преданному	переданному	1
нохищеніи	похищеніи	1
надѣльно	надѣльной	1
паемъ	наемъ	1
НОЯВРЯ	Ноября	1
ЖЕЛЕХОВОкІЙ	Желеховскій	1
еврееямъ	евреямъ	1
мысломъ	смысломъ	1
обязательстъ	обязательствъ	1
нредставленія	представленія	1
примѣнимой	примѣнимо	1
еобственника	собственника	1
